level	start	end	color	opacity	title	initiation	in	out	children	parents	prof_uid
2	5329375	5331128	#ff4100	1.0	Mapper Call select_task_options						1264
2	5337129	5337332	#FFC0CB	1.0	ProfTask <1>						1266
2	5343954	5523873	#ff00e3	1.0	main <1>						22995
2	5523873	8098013	#ff00e3	0.15	main <1> (waiting)						22995
2	8098013	8098374	#ff00e3	0.45	main <1> (ready)						22995
2	8098374	8098589	#ff00e3	1.0	main <1>						22995
1	5524947	5524965	#FFC0CB	1.0	ProfTask <3>						1268
1	5525091	5525104	#FFC0CB	1.0	ProfTask <3>						1270
1	5525704	5525717	#FFC0CB	1.0	ProfTask <4>						1272
1	5598538	5598602	#FFC0CB	1.0	ProfTask <11>						1274
1	5602266	5602283	#FFC0CB	1.0	ProfTask <25>						1276
1	5604018	5604048	#007eff	1.0	hit <39>						11927
1	5606209	5606256	#007eff	1.0	hit <55>						11929
1	5617116	5617161	#007eff	1.0	hit <136>						15586
1	5617528	5617539	#FFC0CB	1.0	ProfTask <138>						1278
1	5618724	5618767	#007eff	1.0	hit <148>						15596
1	5622876	5622919	#007eff	1.0	hit <179>						67653
1	5623147	5623187	#007eff	1.0	hit <181>						15618
1	5625039	5625079	#007eff	1.0	hit <195>						11939
1	5625454	5625494	#007eff	1.0	hit <198>						15631
1	5625851	5625861	#FFC0CB	1.0	ProfTask <200>						1280
1	5627204	5627247	#007eff	1.0	hit <211>						67655
1	5629492	5629508	#007eff	1.0	hit <228>						15656
1	5634084	5634126	#007eff	1.0	hit <262>						11946
1	5634549	5634559	#FFC0CB	1.0	ProfTask <265>						1282
1	5636796	5636838	#007eff	1.0	hit <282>						67666
1	5642462	5642477	#007eff	1.0	hit <324>						15725
1	5646116	5646157	#007eff	1.0	hit <351>						67678
1	5646397	5646446	#007eff	1.0	hit <353>						17
1	5646531	5646540	#FFC0CB	1.0	ProfTask <353>						1284
1	5653683	5653688	#FFC0CB	1.0	ProfTask <407>						1286
1	5654050	5654093	#007eff	1.0	hit <410>						11959
1	5654459	5654467	#FFC0CB	1.0	ProfTask <412>						1288
1	5657815	5657858	#007eff	1.0	hit <438>						15813
1	5657988	5657997	#FFC0CB	1.0	ProfTask <439>						1290
1	5658622	5658663	#007eff	1.0	hit <444>						15818
1	5659028	5659070	#007eff	1.0	hit <447>						25
1	5659166	5659174	#FFC0CB	1.0	ProfTask <447>						1292
1	5659228	5659232	#FFC0CB	1.0	ProfTask <448>						1294
1	5659965	5660008	#007eff	1.0	hit <454>						15822
1	5664121	5664162	#007eff	1.0	hit <485>						11964
1	5664533	5664543	#FFC0CB	1.0	ProfTask <487>						1296
1	5665205	5665221	#007eff	1.0	hit <493>						15851
1	5665768	5665783	#007eff	1.0	hit <497>						15855
1	5668428	5668437	#FFC0CB	1.0	ProfTask <516>						1298
1	5669553	5669568	#007eff	1.0	hit <525>						15875
1	5675045	5675087	#007eff	1.0	hit <566>						15908
1	5675436	5675445	#FFC0CB	1.0	ProfTask <568>						1300
1	5678971	5678977	#FFC0CB	1.0	ProfTask <595>						1302
1	5679344	5679388	#007eff	1.0	hit <598>						15935
1	5679752	5679760	#FFC0CB	1.0	ProfTask <600>						1304
1	5682186	5682229	#007eff	1.0	hit <619>						11971
1	5682484	5682526	#007eff	1.0	hit <621>						11972
1	5686855	5686897	#007eff	1.0	hit <653>						15973
1	5687257	5687287	#007eff	1.0	hit <656>						15975
1	5691327	5691369	#007eff	1.0	hit <686>						16001
1	5707487	5707510	#FFC0CB	1.0	ProfTask <805>						1306
1	5711318	5711336	#007eff	1.0	hit <834>						11986
1	5713635	5713677	#007eff	1.0	hit <851>						16129
1	5714618	5714628	#FFC0CB	1.0	ProfTask <858>						1308
1	5716057	5716099	#007eff	1.0	hit <869>						11991
1	5716459	5716467	#FFC0CB	1.0	ProfTask <871>						1310
1	5722126	5722170	#007eff	1.0	hit <914>						11996
1	5722675	5722690	#007eff	1.0	hit <918>						16179
1	5723757	5723798	#007eff	1.0	hit <926>						45
1	5723885	5723894	#FFC0CB	1.0	ProfTask <926>						1312
1	5723944	5723949	#FFC0CB	1.0	ProfTask <927>						1314
1	5724840	5724881	#007eff	1.0	hit <934>						16189
1	5725152	5725167	#007eff	1.0	hit <936>						16190
1	5730023	5730065	#007eff	1.0	hit <972>						16217
1	5730424	5730433	#FFC0CB	1.0	ProfTask <974>						1316
1	5733395	5733448	#007eff	1.0	hit <997>						12002
1	5738277	5738319	#007eff	1.0	hit <1033>						67772
1	5738558	5738608	#007eff	1.0	hit <1035>						16264
1	5740828	5740843	#007eff	1.0	hit <1052>						16276
1	5749647	5749662	#007eff	1.0	hit <1117>						16331
1	5751550	5751591	#007eff	1.0	hit <1131>						16345
1	5752100	5752114	#007eff	1.0	hit <1135>						16349
1	5752417	5752427	#FFC0CB	1.0	ProfTask <1137>						1318
1	5756213	5756226	#FFC0CB	1.0	ProfTask <1165>						1320
1	5760876	5760920	#007eff	1.0	hit <1200>						12015
1	5761278	5761285	#FFC0CB	1.0	ProfTask <1202>						1322
1	5763294	5763337	#007eff	1.0	hit <1218>						67796
1	5769740	5769747	#FFC0CB	1.0	ProfTask <1265>						1324
1	5771467	5771483	#007eff	1.0	hit <1278>						16462
1	5773490	5773506	#007eff	1.0	hit <1293>						16474
1	5773950	5773959	#FFC0CB	1.0	ProfTask <1296>						1326
1	5774637	5774649	#FFC0CB	1.0	ProfTask <1301>						1328
1	5776338	5776381	#007eff	1.0	hit <1314>						16489
1	5776632	5776675	#007eff	1.0	hit <1316>						67807
1	5777940	5777955	#007eff	1.0	hit <1326>						16498
1	5786449	5786492	#007eff	1.0	hit <1389>						12033
1	5788327	5788368	#007eff	1.0	hit <1403>						12037
1	5788614	5788655	#007eff	1.0	hit <1405>						63
1	5788735	5788744	#FFC0CB	1.0	ProfTask <1405>						1330
1	5792639	5792644	#FFC0CB	1.0	ProfTask <1435>						1332
1	5795886	5795890	#FFC0CB	1.0	ProfTask <1459>						1334
1	5799092	5799095	#FFC0CB	1.0	ProfTask <1483>						1336
1	5803466	5803510	#007eff	1.0	hit <1516>						16624
1	5803992	5804000	#FFC0CB	1.0	ProfTask <1519>						1338
1	5804017	5804020	#FFC0CB	1.0	ProfTask <1520>						1340
1	5808282	5808293	#FFC0CB	1.0	ProfTask <1552>						1342
1	5810070	5810114	#007eff	1.0	hit <1566>						12052
1	5811536	5811552	#007eff	1.0	hit <1577>						12055
1	5814310	5814354	#007eff	1.0	hit <1598>						12058
1	5820163	5820205	#007eff	1.0	hit <1642>						12066
1	5821618	5821661	#007eff	1.0	hit <1653>						16717
1	5822035	5822050	#007eff	1.0	hit <1656>						16719
1	5823359	5823400	#007eff	1.0	hit <1666>						12070
1	5823660	5823675	#007eff	1.0	hit <1668>						16726
1	5824856	5824897	#007eff	1.0	hit <1677>						67870
1	5825397	5825415	#FFC0CB	1.0	ProfTask <1680>						1344
1	5825683	5825687	#FFC0CB	1.0	ProfTask <1683>						1346
1	5828328	5828372	#007eff	1.0	hit <1703>						16755
1	5830220	5830228	#FFC0CB	1.0	ProfTask <1717>						1348
1	5832434	5832478	#007eff	1.0	hit <1734>						12075
1	5836893	5836910	#007eff	1.0	hit <1768>						16803
1	5838095	5838136	#007eff	1.0	hit <1777>						12081
1	5841697	5841741	#007eff	1.0	hit <1804>						12085
1	5847416	5847427	#FFC0CB	1.0	ProfTask <1847>						1350
1	5848439	5848483	#007eff	1.0	hit <1855>						67892
1	5848755	5848787	#FFC0CB	1.0	ProfTask <1857>						1352
1	5855136	5855152	#007eff	1.0	hit <1906>						12097
1	5864514	5864558	#007eff	1.0	hit <1977>						67912
1	5864782	5864824	#007eff	1.0	hit <1979>						16954
1	5867086	5867095	#FFC0CB	1.0	ProfTask <1996>						1354
1	5873015	5873060	#007eff	1.0	hit <2041>						67924
1	5883087	5883131	#007eff	1.0	hit <2117>						17054
1	5883496	5883506	#FFC0CB	1.0	ProfTask <2119>						1356
1	5888411	5888454	#007eff	1.0	hit <2157>						12124
1	5890092	5890107	#007eff	1.0	hit <2170>						17093
1	5890709	5890719	#FFC0CB	1.0	ProfTask <2174>						1358
1	5890758	5890773	#007eff	1.0	hit <2175>						17096
1	5891698	5891739	#007eff	1.0	hit <2182>						12127
1	5892358	5892398	#007eff	1.0	hit <2187>						12130
1	5893063	5893073	#FFC0CB	1.0	ProfTask <2192>						1360
1	5894355	5894399	#007eff	1.0	hit <2202>						17112
1	5895611	5895620	#FFC0CB	1.0	ProfTask <2211>						1362
1	5900259	5900303	#007eff	1.0	hit <2246>						17151
1	5900659	5900668	#FFC0CB	1.0	ProfTask <2248>						1364
1	5904467	5904513	#007eff	1.0	hit <2277>						17177
1	5908228	5908274	#007eff	1.0	hit <2305>						12134
1	5908616	5908632	#007eff	1.0	hit <2308>						17203
1	5921257	5921273	#007eff	1.0	hit <2403>						17280
1	5925931	5925941	#FFC0CB	1.0	ProfTask <2438>						1366
1	5983068	5983114	#007eff	1.0	hit <2578>						67987
1	5986427	5986436	#FFC0CB	1.0	ProfTask <2603>						1368
1	5989560	5989603	#007eff	1.0	hit <2627>						67994
1	5989769	5989794	#FFC0CB	1.0	ProfTask <2628>						1370
1	5992480	5992524	#007eff	1.0	hit <2649>						17467
1	5994050	5994065	#007eff	1.0	hit <2661>						17476
1	5997119	5997160	#007eff	1.0	hit <2684>						12170
1	5997497	5997512	#007eff	1.0	hit <2687>						17493
1	6002547	6002590	#007eff	1.0	hit <2725>						12176
1	6002952	6002962	#FFC0CB	1.0	ProfTask <2727>						1372
1	6002976	6002980	#FFC0CB	1.0	ProfTask <2728>						1374
1	6009703	6009747	#007eff	1.0	hit <2779>						12181
1	6010755	6010799	#007eff	1.0	hit <2787>						17566
1	6011274	6011315	#007eff	1.0	hit <2791>						17568
1	6011666	6011676	#FFC0CB	1.0	ProfTask <2793>						1376
1	6016336	6016340	#FFC0CB	1.0	ProfTask <2829>						1378
1	6020840	6020885	#007eff	1.0	hit <2863>						12191
1	6022151	6022194	#007eff	1.0	hit <2873>						12194
1	6022526	6022541	#007eff	1.0	hit <2876>						17630
1	6025368	6025378	#FFC0CB	1.0	ProfTask <2897>						1380
1	6029172	6029215	#007eff	1.0	hit <2926>						12203
1	6029446	6029487	#007eff	1.0	hit <2928>						17663
1	6030005	6030014	#FFC0CB	1.0	ProfTask <2932>						1382
1	6031686	6031727	#007eff	1.0	hit <2945>						17674
1	6031956	6031997	#007eff	1.0	hit <2947>						17675
1	6032353	6032368	#007eff	1.0	hit <2950>						17678
1	6036074	6036116	#007eff	1.0	hit <2978>						12207
1	6037676	6037716	#007eff	1.0	hit <2990>						17709
1	6044052	6044068	#007eff	1.0	hit <3038>						17745
1	6045537	6045547	#FFC0CB	1.0	ProfTask <3049>						1384
1	6046424	6046467	#007eff	1.0	hit <3056>						68054
1	6048008	6048051	#007eff	1.0	hit <3068>						12219
1	6049717	6049758	#007eff	1.0	hit <3081>						12221
1	6054097	6054113	#007eff	1.0	hit <3114>						17803
1	6054926	6054936	#FFC0CB	1.0	ProfTask <3120>						1386
1	6056237	6056241	#FFC0CB	1.0	ProfTask <3130>						1388
1	6059110	6059154	#007eff	1.0	hit <3152>						12226
1	6059521	6059528	#FFC0CB	1.0	ProfTask <3154>						1390
1	6059558	6059562	#FFC0CB	1.0	ProfTask <3155>						1392
1	6065832	6065876	#007eff	1.0	hit <3203>						68066
1	6069924	6069967	#007eff	1.0	hit <3234>						68069
1	6078920	6078962	#007eff	1.0	hit <3302>						12239
1	6079330	6079339	#FFC0CB	1.0	ProfTask <3304>						1394
1	6079357	6079360	#FFC0CB	1.0	ProfTask <3305>						1396
1	6082851	6082854	#FFC0CB	1.0	ProfTask <3331>						1398
1	6083987	6084002	#007eff	1.0	hit <3340>						12242
1	6087459	6087475	#007eff	1.0	hit <3366>						17997
1	6088165	6088173	#FFC0CB	1.0	ProfTask <3371>						1400
1	6096136	6096179	#007eff	1.0	hit <3431>						18051
1	6096546	6096554	#FFC0CB	1.0	ProfTask <3433>						1402
1	6103442	6103458	#007eff	1.0	hit <3486>						12252
1	6112894	6112903	#FFC0CB	1.0	ProfTask <3557>						1404
1	6116399	6116418	#007eff	1.0	hit <3584>						12262
1	6118400	6118452	#007eff	1.0	hit <3599>						18184
1	6121830	6121874	#007eff	1.0	hit <3625>						18206
1	6125385	6125436	#007eff	1.0	hit <3652>						18225
1	6125671	6125719	#007eff	1.0	hit <3654>						18226
1	6128436	6128479	#007eff	1.0	hit <3675>						12270
1	6130490	6130500	#FFC0CB	1.0	ProfTask <3690>						1406
1	6137616	6137660	#007eff	1.0	hit <3744>						18306
1	6138470	6138479	#FFC0CB	1.0	ProfTask <3750>						1408
1	6145167	6145184	#007eff	1.0	hit <3801>						12275
1	6147471	6147480	#FFC0CB	1.0	ProfTask <3818>						1410
1	6148354	6148397	#007eff	1.0	hit <3825>						18373
1	6148659	6148668	#FFC0CB	1.0	ProfTask <3827>						1412
1	6153674	6153717	#007eff	1.0	hit <3865>						68146
1	6154076	6154083	#FFC0CB	1.0	ProfTask <3867>						1414
1	6158194	6158236	#007eff	1.0	hit <3899>						18420
1	6158474	6158517	#007eff	1.0	hit <3901>						68153
1	6159394	6159427	#FFC0CB	1.0	ProfTask <3906>						1416
1	6168727	6168770	#007eff	1.0	hit <3978>						18476
1	6173202	6173218	#007eff	1.0	hit <4012>						18503
1	6186360	6186371	#FFC0CB	1.0	ProfTask <4111>						1418
1	6187422	6187426	#FFC0CB	1.0	ProfTask <4119>						1420
1	6188742	6188746	#FFC0CB	1.0	ProfTask <4129>						1422
1	6190583	6190586	#FFC0CB	1.0	ProfTask <4143>						1424
1	6195288	6195333	#007eff	1.0	hit <4179>						12313
1	6195620	6195646	#FFC0CB	1.0	ProfTask <4181>						1426
1	6200562	6200607	#007eff	1.0	hit <4219>						12318
1	6200996	6201007	#FFC0CB	1.0	ProfTask <4222>						1428
1	6203177	6203193	#007eff	1.0	hit <4239>						12322
1	6203863	6203905	#007eff	1.0	hit <4244>						68204
1	6204150	6204165	#007eff	1.0	hit <4246>						18671
1	6209395	6209449	#007eff	1.0	hit <4286>						18706
1	6215702	6215712	#FFC0CB	1.0	ProfTask <4333>						1430
1	6216470	6216512	#007eff	1.0	hit <4339>						12331
1	6216876	6216885	#FFC0CB	1.0	ProfTask <4341>						1432
1	6219627	6219671	#007eff	1.0	hit <4363>						68216
1	6224654	6224697	#007eff	1.0	hit <4401>						18797
1	6224959	6224969	#FFC0CB	1.0	ProfTask <4403>						1434
1	6228500	6228542	#007eff	1.0	hit <4430>						18822
1	6228932	6228940	#FFC0CB	1.0	ProfTask <4433>						1436
1	6232200	6232243	#007eff	1.0	hit <4458>						18839
1	6236303	6236347	#007eff	1.0	hit <4489>						18868
1	6245721	6245764	#007eff	1.0	hit <4560>						68247
1	6247926	6247941	#007eff	1.0	hit <4577>						18926
1	6254262	6254304	#007eff	1.0	hit <4625>						68255
1	6254612	6254621	#FFC0CB	1.0	ProfTask <4627>						1438
1	6254640	6254655	#007eff	1.0	hit <4628>						12356
1	6259679	6259722	#007eff	1.0	hit <4666>						12363
1	6260069	6260079	#FFC0CB	1.0	ProfTask <4668>						1440
1	6264586	6264622	#007eff	1.0	hit <4703>						19013
1	6264708	6264722	#007eff	1.0	hit <4704>						19014
1	6268951	6268994	#007eff	1.0	hit <4736>						68275
1	6272539	6272579	#007eff	1.0	hit <4763>						68280
1	6273079	6273088	#FFC0CB	1.0	ProfTask <4766>						1442
1	6276748	6276792	#007eff	1.0	hit <4795>						19081
1	6280299	6280314	#007eff	1.0	hit <4822>						19106
1	6282315	6282355	#007eff	1.0	hit <4837>						19116
1	6283944	6283953	#FFC0CB	1.0	ProfTask <4849>						1444
1	6286880	6286885	#FFC0CB	1.0	ProfTask <4871>						1446
1	6287997	6288040	#007eff	1.0	hit <4880>						19147
1	6289722	6289765	#007eff	1.0	hit <4893>						12384
1	6290048	6290075	#FFC0CB	1.0	ProfTask <4895>						1448
1	6290096	6290111	#007eff	1.0	hit <4896>						19157
1	6294520	6294528	#FFC0CB	1.0	ProfTask <4929>						1450
1	6299777	6299821	#007eff	1.0	hit <4968>						12392
1	6305304	6305348	#007eff	1.0	hit <5009>						68313
1	6344082	6344126	#007eff	1.0	hit <5011>						68314
1	6345988	6346013	#FFC0CB	1.0	ProfTask <5023>						1452
1	6346247	6346250	#FFC0CB	1.0	ProfTask <5026>						1454
1	6346275	6346278	#FFC0CB	1.0	ProfTask <5027>						1456
1	6353455	6353474	#007eff	1.0	hit <5081>						12399
1	6354365	6354380	#007eff	1.0	hit <5088>						19304
1	6355096	6355106	#FFC0CB	1.0	ProfTask <5093>						1458
1	6355447	6355463	#007eff	1.0	hit <5096>						12403
1	6357725	6357767	#007eff	1.0	hit <5113>						12405
1	6359741	6359783	#007eff	1.0	hit <5128>						19331
1	6360144	6360185	#007eff	1.0	hit <5131>						193
1	6360270	6360278	#FFC0CB	1.0	ProfTask <5131>						1460
1	6361367	6361371	#FFC0CB	1.0	ProfTask <5140>						1462
1	6369899	6369915	#007eff	1.0	hit <5205>						12416
1	6372861	6372869	#FFC0CB	1.0	ProfTask <5227>						1464
1	6374178	6374181	#FFC0CB	1.0	ProfTask <5237>						1466
1	6375968	6375984	#007eff	1.0	hit <5251>						12421
1	6377738	6377781	#007eff	1.0	hit <5264>						12423
1	6380925	6380966	#007eff	1.0	hit <5288>						12427
1	6382251	6382291	#007eff	1.0	hit <5298>						12429
1	6388067	6388110	#007eff	1.0	hit <5342>						68358
1	6400980	6401022	#007eff	1.0	hit <5439>						19554
1	6401258	6401298	#007eff	1.0	hit <5441>						19555
1	6401511	6401525	#007eff	1.0	hit <5443>						19556
1	6405001	6405044	#007eff	1.0	hit <5469>						12449
1	6405415	6405425	#FFC0CB	1.0	ProfTask <5471>						1468
1	6405937	6405953	#007eff	1.0	hit <5476>						19577
1	6412729	6412771	#007eff	1.0	hit <5527>						19609
1	6414160	6414175	#007eff	1.0	hit <5538>						19619
1	6416469	6416480	#FFC0CB	1.0	ProfTask <5555>						1470
1	6418566	6418608	#007eff	1.0	hit <5571>						12462
1	6421793	6421802	#FFC0CB	1.0	ProfTask <5595>						1472
1	6427961	6428003	#007eff	1.0	hit <5642>						19696
1	6440698	6440706	#FFC0CB	1.0	ProfTask <5738>						1474
1	6447473	6447516	#007eff	1.0	hit <5790>						19809
1	6447877	6447892	#007eff	1.0	hit <5793>						19810
1	6449976	6450017	#007eff	1.0	hit <5809>						68433
1	6451151	6451166	#007eff	1.0	hit <5818>						19826
1	6454210	6454252	#007eff	1.0	hit <5841>						12489
1	6454549	6454559	#FFC0CB	1.0	ProfTask <5843>						1476
1	6454596	6454611	#007eff	1.0	hit <5844>						12490
1	6456047	6456089	#007eff	1.0	hit <5855>						12492
1	6456468	6456477	#FFC0CB	1.0	ProfTask <5857>						1478
1	6456493	6456496	#FFC0CB	1.0	ProfTask <5858>						1480
1	6460839	6460843	#FFC0CB	1.0	ProfTask <5891>						1482
1	6461853	6461895	#007eff	1.0	hit <5899>						12497
1	6462227	6462243	#007eff	1.0	hit <5902>						19883
1	6464373	6464395	#FFC0CB	1.0	ProfTask <5916>						1484
1	6465473	6465477	#FFC0CB	1.0	ProfTask <5926>						1486
1	6465935	6465978	#007eff	1.0	hit <5930>						12502
1	6467101	6467116	#007eff	1.0	hit <5939>						19908
1	6469088	6469130	#007eff	1.0	hit <5954>						12505
1	6475043	6475058	#007eff	1.0	hit <5999>						19956
1	6476652	6476693	#007eff	1.0	hit <6011>						68460
1	6483420	6483435	#007eff	1.0	hit <6062>						20003
1	6484509	6484519	#FFC0CB	1.0	ProfTask <6069>						1488
1	6488615	6488659	#007eff	1.0	hit <6101>						20034
1	6490488	6490529	#007eff	1.0	hit <6115>						68476
1	6490751	6490792	#007eff	1.0	hit <6117>						68477
1	6494141	6494155	#007eff	1.0	hit <6143>						20067
1	6494939	6494954	#007eff	1.0	hit <6149>						20071
1	6495879	6495919	#007eff	1.0	hit <6156>						20076
1	6498021	6498063	#007eff	1.0	hit <6172>						12524
1	6498393	6498411	#007eff	1.0	hit <6175>						20089
1	6500124	6500166	#007eff	1.0	hit <6188>						68486
1	6500418	6500435	#007eff	1.0	hit <6190>						20099
1	6502131	6502146	#007eff	1.0	hit <6203>						20112
1	6502818	6502857	#007eff	1.0	hit <6208>						12529
1	6503229	6503240	#FFC0CB	1.0	ProfTask <6210>						1490
1	6503269	6503273	#FFC0CB	1.0	ProfTask <6211>						1492
1	6511161	6511204	#007eff	1.0	hit <6271>						12534
1	6512092	6512133	#007eff	1.0	hit <6278>						20169
1	6515415	6515430	#007eff	1.0	hit <6303>						20189
1	6519280	6519290	#FFC0CB	1.0	ProfTask <6332>						1494
1	6523193	6523208	#007eff	1.0	hit <6362>						12539
1	6524167	6524175	#FFC0CB	1.0	ProfTask <6369>						1496
1	6524710	6524721	#FFC0CB	1.0	ProfTask <6373>						1498
1	6524941	6524944	#FFC0CB	1.0	ProfTask <6374>						1500
1	6530180	6530224	#007eff	1.0	hit <6415>						68508
1	6533086	6533130	#007eff	1.0	hit <6437>						68509
1	6536459	6536467	#FFC0CB	1.0	ProfTask <6462>						1502
1	6536507	6536522	#007eff	1.0	hit <6463>						12547
1	6537151	6537166	#007eff	1.0	hit <6468>						20321
1	6540083	6540099	#007eff	1.0	hit <6490>						20337
1	6541464	6541474	#FFC0CB	1.0	ProfTask <6500>						1504
1	6543972	6543977	#FFC0CB	1.0	ProfTask <6519>						1506
1	6544300	6544317	#007eff	1.0	hit <6522>						12555
1	6545192	6545210	#FFC0CB	1.0	ProfTask <6527>						1508
1	6550708	6550711	#FFC0CB	1.0	ProfTask <6570>						1510
1	6553514	6553518	#FFC0CB	1.0	ProfTask <6591>						1512
1	6555414	6555425	#FFC0CB	1.0	ProfTask <6605>						1514
1	6555517	6555520	#FFC0CB	1.0	ProfTask <6606>						1516
1	6558287	6558473	#007eff	1.0	hit <6614>						20427
1	6558737	6558767	#007eff	1.0	hit <6616>						20428
1	6558983	6559000	#007eff	1.0	hit <6618>						68534
1	6563943	6563986	#007eff	1.0	hit <6655>						68542
1	6564159	6564188	#FFC0CB	1.0	ProfTask <6656>						1518
1	6565267	6565309	#007eff	1.0	hit <6665>						68544
1	6565598	6565606	#FFC0CB	1.0	ProfTask <6667>						1520
1	6566909	6566913	#FFC0CB	1.0	ProfTask <6677>						1522
1	6569107	6569157	#007eff	1.0	hit <6694>						12573
1	6571083	6571127	#007eff	1.0	hit <6709>						12575
1	6571497	6571507	#FFC0CB	1.0	ProfTask <6711>						1524
1	6577156	6577199	#007eff	1.0	hit <6755>						12579
1	6577556	6577564	#FFC0CB	1.0	ProfTask <6757>						1526
1	6578218	6578260	#007eff	1.0	hit <6763>						12582
1	6580863	6580879	#007eff	1.0	hit <6783>						20547
1	6583100	6583115	#007eff	1.0	hit <6800>						20558
1	6588136	6588151	#007eff	1.0	hit <6838>						20591
1	6592391	6592441	#007eff	1.0	hit <6870>						12592
1	6592770	6592785	#007eff	1.0	hit <6873>						20618
1	6595022	6595064	#007eff	1.0	hit <6890>						12596
1	6596437	6596460	#FFC0CB	1.0	ProfTask <6899>						1528
1	6602274	6602291	#007eff	1.0	hit <6945>						12600
1	6602984	6602993	#FFC0CB	1.0	ProfTask <6950>						1530
1	6605472	6605488	#007eff	1.0	hit <6969>						12603
1	6606422	6606465	#007eff	1.0	hit <6976>						12605
1	6615691	6615707	#007eff	1.0	hit <7046>						20747
1	6617040	6617050	#FFC0CB	1.0	ProfTask <7056>						1532
1	6618319	6618360	#007eff	1.0	hit <7066>						20764
1	6635905	6635949	#007eff	1.0	hit <7199>						68604
1	6636172	6636213	#007eff	1.0	hit <7201>						68605
1	6640639	6640654	#007eff	1.0	hit <7235>						20903
1	6645027	6645042	#007eff	1.0	hit <7268>						20930
1	6646482	6646505	#FFC0CB	1.0	ProfTask <7277>						1534
1	6649326	6649343	#007eff	1.0	hit <7301>						12629
1	6650538	6650580	#007eff	1.0	hit <7310>						12631
1	6650914	6650929	#007eff	1.0	hit <7313>						20966
1	6652213	6652228	#007eff	1.0	hit <7323>						20973
1	6653960	6654001	#007eff	1.0	hit <7336>						20981
1	6654247	6654262	#007eff	1.0	hit <7338>						20982
1	6656350	6656365	#007eff	1.0	hit <7354>						20995
1	6658073	6658116	#007eff	1.0	hit <7367>						68622
1	6658250	6658260	#FFC0CB	1.0	ProfTask <7368>						1536
1	6659011	6659053	#007eff	1.0	hit <7374>						68623
1	6659275	6659307	#007eff	1.0	hit <7376>						21010
1	6660207	6660248	#007eff	1.0	hit <7383>						68624
1	6660475	6660514	#007eff	1.0	hit <7385>						21018
1	6667939	6667979	#007eff	1.0	hit <7441>						12649
1	6668138	6668161	#FFC0CB	1.0	ProfTask <7442>						1538
1	6672314	6672356	#007eff	1.0	hit <7474>						68637
1	6672591	6672633	#007eff	1.0	hit <7476>						68638
1	6672783	6672792	#FFC0CB	1.0	ProfTask <7477>						1540
1	6674441	6674483	#007eff	1.0	hit <7490>						12656
1	6674842	6674851	#FFC0CB	1.0	ProfTask <7492>						1542
1	6674868	6674871	#FFC0CB	1.0	ProfTask <7493>						1544
1	6679771	6679774	#FFC0CB	1.0	ProfTask <7510>						1546
1	6716732	6716779	#007eff	1.0	hit <7516>						68641
1	6717428	6717436	#FFC0CB	1.0	ProfTask <7521>						1548
1	6721649	6721690	#007eff	1.0	hit <7553>						12664
1	6721832	6721839	#FFC0CB	1.0	ProfTask <7554>						1550
1	6724301	6724316	#007eff	1.0	hit <7573>						12668
1	6725436	6725443	#FFC0CB	1.0	ProfTask <7581>						1552
1	6728316	6728359	#007eff	1.0	hit <7603>						12673
1	6732908	6732916	#FFC0CB	1.0	ProfTask <7637>						1554
1	6733130	6733146	#007eff	1.0	hit <7639>						12680
1	6736872	6736914	#007eff	1.0	hit <7667>						21211
1	6739046	6739054	#FFC0CB	1.0	ProfTask <7683>						1556
1	6742470	6742512	#007eff	1.0	hit <7709>						68670
1	6748130	6748138	#FFC0CB	1.0	ProfTask <7751>						1558
1	6750905	6750909	#FFC0CB	1.0	ProfTask <7772>						1560
1	6752477	6752520	#007eff	1.0	hit <7784>						12700
1	6754909	6754916	#FFC0CB	1.0	ProfTask <7802>						1562
1	6755528	6755570	#007eff	1.0	hit <7807>						12705
1	6758325	6758368	#007eff	1.0	hit <7828>						68690
1	6758601	6758643	#007eff	1.0	hit <7830>						21318
1	6760460	6760501	#007eff	1.0	hit <7844>						12710
1	6760734	6760776	#007eff	1.0	hit <7846>						21328
1	6761549	6761564	#007eff	1.0	hit <7852>						21331
1	6767341	6767381	#007eff	1.0	hit <7895>						12716
1	6767737	6767746	#FFC0CB	1.0	ProfTask <7897>						1564
1	6774912	6774955	#007eff	1.0	hit <7952>						12725
1	6786660	6786670	#FFC0CB	1.0	ProfTask <8040>						1566
1	6788199	6788216	#007eff	1.0	hit <8052>						12742
1	6790485	6790502	#007eff	1.0	hit <8069>						21477
1	6791828	6791869	#007eff	1.0	hit <8079>						21486
1	6799531	6799573	#007eff	1.0	hit <8136>						68738
1	6799945	6799986	#007eff	1.0	hit <8139>						21530
1	6807363	6807416	#007eff	1.0	hit <8194>						21571
1	6807940	6807950	#FFC0CB	1.0	ProfTask <8198>						1568
1	6809553	6809598	#007eff	1.0	hit <8210>						21584
1	6810093	6810102	#FFC0CB	1.0	ProfTask <8213>						1570
1	6816471	6816514	#007eff	1.0	hit <8262>						21628
1	6816752	6816795	#007eff	1.0	hit <8264>						68753
1	6824878	6824919	#007eff	1.0	hit <8325>						21674
1	6826427	6826437	#FFC0CB	1.0	ProfTask <8336>						1572
1	6826457	6826473	#007eff	1.0	hit <8337>						12770
1	6827165	6827173	#FFC0CB	1.0	ProfTask <8342>						1574
1	6828870	6828912	#007eff	1.0	hit <8355>						68766
1	6836336	6836379	#007eff	1.0	hit <8411>						21742
1	6840474	6840516	#007eff	1.0	hit <8442>						68776
1	6840743	6840783	#007eff	1.0	hit <8444>						68777
1	6846085	6846126	#007eff	1.0	hit <8484>						68781
1	6850453	6850494	#007eff	1.0	hit <8517>						68786
1	6850865	6850918	#007eff	1.0	hit <8520>						12784
1	6851422	6851432	#FFC0CB	1.0	ProfTask <8524>						1576
1	6858689	6858732	#007eff	1.0	hit <8579>						12790
1	6867171	6867187	#007eff	1.0	hit <8642>						21927
1	6869483	6869493	#FFC0CB	1.0	ProfTask <8659>						1578
1	6869971	6870014	#007eff	1.0	hit <8663>						68802
1	6871977	6871992	#007eff	1.0	hit <8678>						12803
1	6874803	6874812	#FFC0CB	1.0	ProfTask <8699>						1580
1	6875164	6875206	#007eff	1.0	hit <8702>						21964
1	6877710	6877753	#007eff	1.0	hit <8721>						12809
1	6881152	6881194	#007eff	1.0	hit <8747>						21999
1	6881571	6881580	#FFC0CB	1.0	ProfTask <8749>						1582
1	6884905	6884948	#007eff	1.0	hit <8775>						68817
1	6894771	6894814	#007eff	1.0	hit <8848>						22077
1	6895160	6895170	#FFC0CB	1.0	ProfTask <8850>						1584
1	6896386	6896402	#007eff	1.0	hit <8860>						22087
1	6904548	6904592	#007eff	1.0	hit <8920>						12832
1	6904951	6904961	#FFC0CB	1.0	ProfTask <8922>						1586
1	6905890	6905932	#007eff	1.0	hit <8930>						22137
1	6906175	6906207	#007eff	1.0	hit <8932>						22138
1	6907940	6907983	#007eff	1.0	hit <8945>						22149
1	6911029	6911070	#007eff	1.0	hit <8968>						22168
1	6914507	6914523	#007eff	1.0	hit <8994>						22190
1	6920353	6920368	#007eff	1.0	hit <9038>						22230
1	6922233	6922276	#007eff	1.0	hit <9052>						22242
1	6925166	6925208	#007eff	1.0	hit <9074>						68845
1	6926762	6926777	#007eff	1.0	hit <9086>						22269
1	6927699	6927740	#007eff	1.0	hit <9093>						22276
1	6928223	6928263	#007eff	1.0	hit <9097>						22279
1	6930490	6930531	#007eff	1.0	hit <9114>						22295
1	6930994	6931008	#007eff	1.0	hit <9118>						22299
1	6932599	6932638	#007eff	1.0	hit <9130>						12847
1	6934050	6934090	#007eff	1.0	hit <9141>						12850
1	6938610	6938650	#007eff	1.0	hit <9175>						22339
1	6942851	6942884	#007eff	1.0	hit <9207>						22369
1	6947889	6947932	#007eff	1.0	hit <9245>						22402
1	6950270	6950311	#007eff	1.0	hit <9263>						22417
1	6952258	6952298	#007eff	1.0	hit <9278>						22431
1	6952540	6952589	#007eff	1.0	hit <9280>						22432
1	6952654	6952668	#007eff	1.0	hit <9281>						22433
1	6957990	6958031	#007eff	1.0	hit <9321>						22465
1	6959491	6959505	#007eff	1.0	hit <9332>						22476
1	6963760	6963771	#FFC0CB	1.0	ProfTask <9364>						1588
1	6970231	6970248	#007eff	1.0	hit <9413>						12868
1	6975488	6975504	#007eff	1.0	hit <9453>						22578
1	6976324	6976339	#FFC0CB	1.0	ProfTask <9459>						1590
1	6978691	6978694	#FFC0CB	1.0	ProfTask <9477>						1592
1	6982158	6982168	#FFC0CB	1.0	ProfTask <9503>						1594
1	6983795	6983812	#007eff	1.0	hit <9516>						12873
1	6992546	6992563	#007eff	1.0	hit <9582>						22682
1	6995462	6995504	#007eff	1.0	hit <9604>						12880
1	7004228	7004238	#FFC0CB	1.0	ProfTask <9668>						1596
1	7009171	7009214	#007eff	1.0	hit <9705>						22777
1	7009602	7009617	#007eff	1.0	hit <9708>						22778
1	7013435	7013477	#007eff	1.0	hit <9737>						22799
1	7016450	7016459	#FFC0CB	1.0	ProfTask <9759>						1598
1	7016499	7016515	#007eff	1.0	hit <9760>						12895
1	7021362	7021378	#007eff	1.0	hit <9797>						22843
1	7024471	7024479	#FFC0CB	1.0	ProfTask <9820>						1600
1	7025212	7025255	#007eff	1.0	hit <9826>						68927
1	7036939	7036984	#007eff	1.0	hit <9914>						68939
1	7037328	7037337	#FFC0CB	1.0	ProfTask <9916>						1602
1	7041215	7041219	#FFC0CB	1.0	ProfTask <9946>						1604
1	7052439	7052450	#FFC0CB	1.0	ProfTask <10010>						1606
1	7053550	7053565	#FFC0CB	1.0	ProfTask <11>						1608
1	7054115	7054120	#FFC0CB	1.0	ProfTask <17>						1610
1	7054498	7054501	#FFC0CB	1.0	ProfTask <23>						1612
1	7056416	7056420	#FFC0CB	1.0	ProfTask <36>						1614
1	7056482	7056485	#FFC0CB	1.0	ProfTask <37>						1616
1	7057260	7057263	#FFC0CB	1.0	ProfTask <6>						1618
1	7062175	7062179	#FFC0CB	1.0	ProfTask <90>						1620
1	7065072	7065076	#FFC0CB	1.0	ProfTask <122>						1622
1	7067974	7067977	#FFC0CB	1.0	ProfTask <154>						1624
1	7069435	7069438	#FFC0CB	1.0	ProfTask <170>						1626
1	7070920	7070928	#FFC0CB	1.0	ProfTask <186>						1628
1	7072385	7072389	#FFC0CB	1.0	ProfTask <202>						1630
1	7077359	7077362	#FFC0CB	1.0	ProfTask <251>						1632
1	7078287	7078291	#FFC0CB	1.0	ProfTask <266>						1634
1	7079770	7079773	#FFC0CB	1.0	ProfTask <282>						1636
1	7081243	7081246	#FFC0CB	1.0	ProfTask <298>						1638
1	7082212	7082215	#FFC0CB	1.0	ProfTask <306>						1640
1	7082723	7082726	#FFC0CB	1.0	ProfTask <314>						1642
1	7084179	7084182	#FFC0CB	1.0	ProfTask <330>						1644
1	7085632	7085635	#FFC0CB	1.0	ProfTask <346>						1646
1	7086438	7086441	#FFC0CB	1.0	ProfTask <351>						1648
1	7087088	7087090	#FFC0CB	1.0	ProfTask <362>						1650
1	7088548	7088551	#FFC0CB	1.0	ProfTask <378>						1652
1	7091452	7091472	#FFC0CB	1.0	ProfTask <410>						1654
1	7092914	7092917	#FFC0CB	1.0	ProfTask <426>						1656
1	7093987	7093990	#FFC0CB	1.0	ProfTask <436>						1658
1	7094359	7094362	#FFC0CB	1.0	ProfTask <442>						1660
1	7098697	7098701	#FFC0CB	1.0	ProfTask <490>						1662
1	7099256	7099267	#FFC0CB	1.0	ProfTask <491>						1664
1	7100165	7100168	#FFC0CB	1.0	ProfTask <506>						1666
1	7104537	7104540	#FFC0CB	1.0	ProfTask <554>						1668
1	7107424	7107430	#FFC0CB	1.0	ProfTask <586>						1670
1	7108870	7108873	#FFC0CB	1.0	ProfTask <602>						1672
1	7111797	7111801	#FFC0CB	1.0	ProfTask <634>						1674
1	7113258	7113261	#FFC0CB	1.0	ProfTask <650>						1676
1	7114715	7114719	#FFC0CB	1.0	ProfTask <666>						1678
1	7116178	7116181	#FFC0CB	1.0	ProfTask <682>						1680
1	7119099	7119103	#FFC0CB	1.0	ProfTask <714>						1682
1	7120556	7120559	#FFC0CB	1.0	ProfTask <730>						1684
1	7122002	7122005	#FFC0CB	1.0	ProfTask <746>						1686
1	7123449	7123452	#FFC0CB	1.0	ProfTask <762>						1688
1	7124422	7124425	#FFC0CB	1.0	ProfTask <770>						1690
1	7126359	7126361	#FFC0CB	1.0	ProfTask <794>						1692
1	7126930	7126939	#FFC0CB	1.0	ProfTask <795>						1694
1	7127760	7127763	#FFC0CB	1.0	ProfTask <809>						1696
1	7129299	7129301	#FFC0CB	1.0	ProfTask <826>						1698
1	7130763	7130766	#FFC0CB	1.0	ProfTask <842>						1700
1	7131434	7131444	#FFC0CB	1.0	ProfTask <845>						1702
1	7133649	7133653	#FFC0CB	1.0	ProfTask <874>						1704
1	7136534	7136537	#FFC0CB	1.0	ProfTask <906>						1706
1	7137966	7137970	#FFC0CB	1.0	ProfTask <922>						1708
1	7139402	7139409	#FFC0CB	1.0	ProfTask <938>						1710
1	7140865	7140868	#FFC0CB	1.0	ProfTask <954>						1712
1	7143745	7143748	#FFC0CB	1.0	ProfTask <986>						1714
1	7144494	7144497	#FFC0CB	1.0	ProfTask <990>						1716
1	7144556	7144559	#FFC0CB	1.0	ProfTask <991>						1718
1	7148171	7148175	#FFC0CB	1.0	ProfTask <1034>						1720
1	7149627	7149630	#FFC0CB	1.0	ProfTask <1050>						1722
1	7151103	7151107	#FFC0CB	1.0	ProfTask <1066>						1724
1	7152582	7152585	#FFC0CB	1.0	ProfTask <1082>						1726
1	7155505	7155508	#FFC0CB	1.0	ProfTask <1114>						1728
1	7156959	7156963	#FFC0CB	1.0	ProfTask <1130>						1730
1	7158214	7158218	#FFC0CB	1.0	ProfTask <1143>						1732
1	7158407	7158410	#FFC0CB	1.0	ProfTask <1146>						1734
1	7162794	7162797	#FFC0CB	1.0	ProfTask <1194>						1736
1	7167152	7167156	#FFC0CB	1.0	ProfTask <1242>						1738
1	7170137	7170140	#FFC0CB	1.0	ProfTask <1274>						1740
1	7172440	7172444	#FFC0CB	1.0	ProfTask <1296>						1742
1	7175953	7175957	#FFC0CB	1.0	ProfTask <1338>						1744
1	7178862	7178865	#FFC0CB	1.0	ProfTask <1370>						1746
1	7180340	7180343	#FFC0CB	1.0	ProfTask <1386>						1748
1	7186186	7186193	#FFC0CB	1.0	ProfTask <1450>						1750
1	7187659	7187662	#FFC0CB	1.0	ProfTask <1466>						1752
1	7189106	7189111	#FFC0CB	1.0	ProfTask <1482>						1754
1	7190622	7190625	#FFC0CB	1.0	ProfTask <1498>						1756
1	7192071	7192074	#FFC0CB	1.0	ProfTask <1514>						1758
1	7193240	7193244	#FFC0CB	1.0	ProfTask <1525>						1760
1	7195018	7195022	#FFC0CB	1.0	ProfTask <1546>						1762
1	7197942	7197946	#FFC0CB	1.0	ProfTask <1578>						1764
1	7199412	7199415	#FFC0CB	1.0	ProfTask <1594>						1766
1	7201442	7201452	#FFC0CB	1.0	ProfTask <1611>						1768
1	7201849	7201852	#FFC0CB	1.0	ProfTask <1617>						1770
1	7203881	7203885	#FFC0CB	1.0	ProfTask <1642>						1772
1	7211763	7211775	#FFC0CB	1.0	ProfTask <1723>						1774
1	7211833	7211836	#FFC0CB	1.0	ProfTask <1724>						1776
1	7212682	7212685	#FFC0CB	1.0	ProfTask <1738>						1778
1	7217047	7217051	#FFC0CB	1.0	ProfTask <1786>						1780
1	7218486	7218489	#FFC0CB	1.0	ProfTask <1802>						1782
1	7220889	7220893	#FFC0CB	1.0	ProfTask <1826>						1784
1	7221372	7221375	#FFC0CB	1.0	ProfTask <1834>						1786
1	7222755	7222758	#FFC0CB	1.0	ProfTask <1849>						1788
1	7224276	7224279	#FFC0CB	1.0	ProfTask <1866>						1790
1	7226599	7226602	#FFC0CB	1.0	ProfTask <1888>						1792
1	7228667	7228670	#FFC0CB	1.0	ProfTask <1914>						1794
1	7229670	7229674	#FFC0CB	1.0	ProfTask <1922>						1796
1	7229967	7229970	#FFC0CB	1.0	ProfTask <1927>						1798
1	7230153	7230156	#FFC0CB	1.0	ProfTask <1930>						1800
1	7233064	7233067	#FFC0CB	1.0	ProfTask <1962>						1802
1	7234516	7234519	#FFC0CB	1.0	ProfTask <1978>						1804
1	7235417	7235421	#FFC0CB	1.0	ProfTask <1985>						1806
1	7235957	7235960	#FFC0CB	1.0	ProfTask <1994>						1808
1	7237393	7237396	#FFC0CB	1.0	ProfTask <2010>						1810
1	7238851	7238854	#FFC0CB	1.0	ProfTask <2026>						1812
1	7240297	7240300	#FFC0CB	1.0	ProfTask <2042>						1814
1	7241751	7241754	#FFC0CB	1.0	ProfTask <2058>						1816
1	7242602	7242605	#FFC0CB	1.0	ProfTask <2064>						1818
1	7243209	7243212	#FFC0CB	1.0	ProfTask <2074>						1820
1	7246135	7246138	#FFC0CB	1.0	ProfTask <2106>						1822
1	7249072	7249075	#FFC0CB	1.0	ProfTask <2138>						1824
1	7250372	7250375	#FFC0CB	1.0	ProfTask <2151>						1826
1	7252020	7252024	#FFC0CB	1.0	ProfTask <2170>						1828
1	7253458	7253462	#FFC0CB	1.0	ProfTask <2186>						1830
1	7256385	7256389	#FFC0CB	1.0	ProfTask <2218>						1832
1	7266527	7266531	#FFC0CB	1.0	ProfTask <2330>						1834
1	7267960	7267963	#FFC0CB	1.0	ProfTask <2346>						1836
1	7270864	7270867	#FFC0CB	1.0	ProfTask <2378>						1838
1	7275224	7275227	#FFC0CB	1.0	ProfTask <2426>						1840
1	7278118	7278121	#FFC0CB	1.0	ProfTask <2458>						1842
1	7279031	7279034	#FFC0CB	1.0	ProfTask <2465>						1844
1	7280913	7280916	#FFC0CB	1.0	ProfTask <2488>						1846
1	7281050	7281053	#FFC0CB	1.0	ProfTask <2490>						1848
1	7282494	7282497	#FFC0CB	1.0	ProfTask <2506>						1850
1	7315633	7315636	#FFC0CB	1.0	ProfTask <2570>						1852
1	7316199	7316209	#FFC0CB	1.0	ProfTask <2571>						1854
1	7316265	7316275	#FFC0CB	1.0	ProfTask <2572>						1856
1	7320116	7320119	#FFC0CB	1.0	ProfTask <2618>						1858
1	7320694	7320703	#FFC0CB	1.0	ProfTask <2619>						1860
1	7321612	7321615	#FFC0CB	1.0	ProfTask <2634>						1862
1	7323101	7323104	#FFC0CB	1.0	ProfTask <2650>						1864
1	7326075	7326078	#FFC0CB	1.0	ProfTask <2682>						1866
1	7327555	7327558	#FFC0CB	1.0	ProfTask <2698>						1868
1	7332068	7332072	#FFC0CB	1.0	ProfTask <2746>						1870
1	7342480	7342483	#FFC0CB	1.0	ProfTask <2858>						1872
1	7343970	7343974	#FFC0CB	1.0	ProfTask <2874>						1874
1	7344538	7344549	#FFC0CB	1.0	ProfTask <2875>						1876
1	7348425	7348428	#FFC0CB	1.0	ProfTask <2922>						1878
1	7348988	7348998	#FFC0CB	1.0	ProfTask <2923>						1880
1	7354358	7354364	#FFC0CB	1.0	ProfTask <2986>						1882
1	7358828	7358831	#FFC0CB	1.0	ProfTask <3034>						1884
1	7360305	7360309	#FFC0CB	1.0	ProfTask <3050>						1886
1	7363283	7363286	#FFC0CB	1.0	ProfTask <3082>						1888
1	7367729	7367733	#FFC0CB	1.0	ProfTask <3130>						1890
1	7370684	7370688	#FFC0CB	1.0	ProfTask <3162>						1892
1	7378131	7378135	#FFC0CB	1.0	ProfTask <3242>						1894
1	7386972	7386975	#FFC0CB	1.0	ProfTask <3338>						1896
1	7389956	7389960	#FFC0CB	1.0	ProfTask <3370>						1898
1	7392484	7392487	#FFC0CB	1.0	ProfTask <3395>						1900
1	7393648	7393651	#FFC0CB	1.0	ProfTask <3406>						1902
1	7394409	7394412	#FFC0CB	1.0	ProfTask <3418>						1904
1	7406231	7406234	#FFC0CB	1.0	ProfTask <3546>						1906
1	7409206	7409209	#FFC0CB	1.0	ProfTask <3578>						1908
1	7410696	7410700	#FFC0CB	1.0	ProfTask <3594>						1910
1	7413686	7413689	#FFC0CB	1.0	ProfTask <3626>						1912
1	7415160	7415163	#FFC0CB	1.0	ProfTask <3642>						1914
1	7419610	7419615	#FFC0CB	1.0	ProfTask <3690>						1916
1	7421078	7421081	#FFC0CB	1.0	ProfTask <3706>						1918
1	7427000	7427004	#FFC0CB	1.0	ProfTask <3770>						1920
1	7428476	7428479	#FFC0CB	1.0	ProfTask <3786>						1922
1	7429953	7429956	#FFC0CB	1.0	ProfTask <3802>						1924
1	7430526	7430536	#FFC0CB	1.0	ProfTask <3803>						1926
1	7431450	7431453	#FFC0CB	1.0	ProfTask <3818>						1928
1	7435885	7435889	#FFC0CB	1.0	ProfTask <3866>						1930
1	7437361	7437364	#FFC0CB	1.0	ProfTask <3882>						1932
1	7440313	7440316	#FFC0CB	1.0	ProfTask <3914>						1934
1	7440884	7440893	#FFC0CB	1.0	ProfTask <3915>						1936
1	7440950	7440959	#FFC0CB	1.0	ProfTask <3916>						1938
1	7447729	7447732	#FFC0CB	1.0	ProfTask <3994>						1940
1	7450744	7450747	#FFC0CB	1.0	ProfTask <4026>						1942
1	7460524	7460528	#FFC0CB	1.0	ProfTask <4128>						1944
1	7461147	7461150	#FFC0CB	1.0	ProfTask <4138>						1946
1	7462650	7462653	#FFC0CB	1.0	ProfTask <4154>						1948
1	7464118	7464120	#FFC0CB	1.0	ProfTask <4170>						1950
1	7465432	7465443	#FFC0CB	1.0	ProfTask <4183>						1952
1	7467098	7467101	#FFC0CB	1.0	ProfTask <4202>						1954
1	7471545	7471549	#FFC0CB	1.0	ProfTask <4250>						1956
1	7473033	7473036	#FFC0CB	1.0	ProfTask <4266>						1958
1	7475980	7475983	#FFC0CB	1.0	ProfTask <4298>						1960
1	7477511	7477514	#FFC0CB	1.0	ProfTask <4314>						1962
1	7478931	7478934	#FFC0CB	1.0	ProfTask <4329>						1964
1	7483486	7483490	#FFC0CB	1.0	ProfTask <4378>						1966
1	7485991	7485994	#FFC0CB	1.0	ProfTask <4403>						1968
1	7487937	7487940	#FFC0CB	1.0	ProfTask <4426>						1970
1	7492400	7492407	#FFC0CB	1.0	ProfTask <4474>						1972
1	7493883	7493886	#FFC0CB	1.0	ProfTask <4490>						1974
1	7495376	7495379	#FFC0CB	1.0	ProfTask <4506>						1976
1	7499806	7499809	#FFC0CB	1.0	ProfTask <4554>						1978
1	7500365	7500374	#FFC0CB	1.0	ProfTask <4555>						1980
1	7501297	7501301	#FFC0CB	1.0	ProfTask <4570>						1982
1	7505741	7505745	#FFC0CB	1.0	ProfTask <4618>						1984
1	7506301	7506311	#FFC0CB	1.0	ProfTask <4619>						1986
1	7506431	7506441	#FFC0CB	1.0	ProfTask <4621>						1988
1	7506741	7506745	#FFC0CB	1.0	ProfTask <4626>						1990
1	7507236	7507239	#FFC0CB	1.0	ProfTask <4634>						1992
1	7508714	7508717	#FFC0CB	1.0	ProfTask <4650>						1994
1	7510216	7510219	#FFC0CB	1.0	ProfTask <4666>						1996
1	7510788	7510797	#FFC0CB	1.0	ProfTask <4667>						1998
1	7513198	7513201	#FFC0CB	1.0	ProfTask <4698>						2000
1	7514674	7514678	#FFC0CB	1.0	ProfTask <4714>						2002
1	7515233	7515243	#FFC0CB	1.0	ProfTask <4715>						2004
1	7516155	7516158	#FFC0CB	1.0	ProfTask <4730>						2006
1	7519163	7519166	#FFC0CB	1.0	ProfTask <4762>						2008
1	7521622	7521626	#FFC0CB	1.0	ProfTask <4786>						2010
1	7525083	7525087	#FFC0CB	1.0	ProfTask <4826>						2012
1	7525652	7525662	#FFC0CB	1.0	ProfTask <4827>						2014
1	7526591	7526594	#FFC0CB	1.0	ProfTask <4842>						2016
1	7527155	7527165	#FFC0CB	1.0	ProfTask <4843>						2018
1	7527226	7527229	#FFC0CB	1.0	ProfTask <4844>						2020
1	7529581	7529584	#FFC0CB	1.0	ProfTask <4874>						2022
1	7530141	7530151	#FFC0CB	1.0	ProfTask <4875>						2024
1	7531072	7531075	#FFC0CB	1.0	ProfTask <4890>						2026
1	7534073	7534076	#FFC0CB	1.0	ProfTask <4922>						2028
1	7538519	7538523	#FFC0CB	1.0	ProfTask <4970>						2030
1	7539867	7539870	#FFC0CB	1.0	ProfTask <4984>						2032
1	7571499	7571509	#FFC0CB	1.0	ProfTask <5018>						2034
1	7573105	7573111	#FFC0CB	1.0	ProfTask <5034>						2036
1	7577702	7577706	#FFC0CB	1.0	ProfTask <5082>						2038
1	7580744	7580752	#FFC0CB	1.0	ProfTask <5114>						2040
1	7582266	7582272	#FFC0CB	1.0	ProfTask <5130>						2042
1	7585303	7585307	#FFC0CB	1.0	ProfTask <5162>						2044
1	7588359	7588362	#FFC0CB	1.0	ProfTask <5194>						2046
1	7589903	7589907	#FFC0CB	1.0	ProfTask <5210>						2048
1	7591430	7591433	#FFC0CB	1.0	ProfTask <5226>						2050
1	7596040	7596045	#FFC0CB	1.0	ProfTask <5274>						2052
1	7597442	7597446	#FFC0CB	1.0	ProfTask <5288>						2054
1	7597504	7597507	#FFC0CB	1.0	ProfTask <5289>						2056
1	7600025	7600028	#FFC0CB	1.0	ProfTask <5312>						2058
1	7600643	7600646	#FFC0CB	1.0	ProfTask <5322>						2060
1	7602096	7602099	#FFC0CB	1.0	ProfTask <5337>						2062
1	7602169	7602174	#FFC0CB	1.0	ProfTask <5338>						2064
1	7603085	7603089	#FFC0CB	1.0	ProfTask <5344>						2066
1	7603727	7603730	#FFC0CB	1.0	ProfTask <5354>						2068
1	7605245	7605248	#FFC0CB	1.0	ProfTask <5370>						2070
1	7606786	7606792	#FFC0CB	1.0	ProfTask <5386>						2072
1	7608326	7608328	#FFC0CB	1.0	ProfTask <5402>						2074
1	7611409	7611412	#FFC0CB	1.0	ProfTask <5434>						2076
1	7616047	7616052	#FFC0CB	1.0	ProfTask <5482>						2078
1	7619091	7619095	#FFC0CB	1.0	ProfTask <5514>						2080
1	7620640	7620645	#FFC0CB	1.0	ProfTask <5530>						2082
1	7621432	7621456	#FFC0CB	1.0	ProfTask <5534>						2084
1	7622161	7622164	#FFC0CB	1.0	ProfTask <5546>						2086
1	7623693	7623695	#FFC0CB	1.0	ProfTask <5562>						2088
1	7624745	7624749	#FFC0CB	1.0	ProfTask <5570>						2090
1	7625173	7625176	#FFC0CB	1.0	ProfTask <5577>						2092
1	7626786	7626789	#FFC0CB	1.0	ProfTask <5594>						2094
1	7628308	7628313	#FFC0CB	1.0	ProfTask <5610>						2096
1	7634450	7634454	#FFC0CB	1.0	ProfTask <5674>						2098
1	7636553	7636569	#FFC0CB	1.0	ProfTask <5691>						2100
1	7639121	7639127	#FFC0CB	1.0	ProfTask <5722>						2102
1	7640153	7640156	#FFC0CB	1.0	ProfTask <5730>						2104
1	7640677	7640682	#FFC0CB	1.0	ProfTask <5738>						2106
1	7642229	7642232	#FFC0CB	1.0	ProfTask <5754>						2108
1	7646877	7646881	#FFC0CB	1.0	ProfTask <5802>						2110
1	7648445	7648450	#FFC0CB	1.0	ProfTask <5818>						2112
1	7651546	7651552	#FFC0CB	1.0	ProfTask <5850>						2114
1	7654628	7654633	#FFC0CB	1.0	ProfTask <5882>						2116
1	7656160	7656163	#FFC0CB	1.0	ProfTask <5898>						2118
1	7663849	7663855	#FFC0CB	1.0	ProfTask <5978>						2120
1	7665014	7665019	#FFC0CB	1.0	ProfTask <5988>						2122
1	7665391	7665394	#FFC0CB	1.0	ProfTask <5994>						2124
1	7666240	7666244	#FFC0CB	1.0	ProfTask <5999>						2126
1	7666955	7666959	#FFC0CB	1.0	ProfTask <6010>						2128
1	7671547	7671550	#FFC0CB	1.0	ProfTask <6058>						2130
1	7676163	7676167	#FFC0CB	1.0	ProfTask <6106>						2132
1	7679236	7679240	#FFC0CB	1.0	ProfTask <6138>						2134
1	7680440	7680444	#FFC0CB	1.0	ProfTask <6148>						2136
1	7680817	7680824	#FFC0CB	1.0	ProfTask <6154>						2138
1	7683893	7683899	#FFC0CB	1.0	ProfTask <6186>						2140
1	7684744	7684747	#FFC0CB	1.0	ProfTask <6191>						2142
1	7685428	7685431	#FFC0CB	1.0	ProfTask <6202>						2144
1	7686456	7686460	#FFC0CB	1.0	ProfTask <6210>						2146
1	7688506	7688509	#FFC0CB	1.0	ProfTask <6234>						2148
1	7690024	7690029	#FFC0CB	1.0	ProfTask <6250>						2150
1	7691557	7691560	#FFC0CB	1.0	ProfTask <6266>						2152
1	7692345	7692348	#FFC0CB	1.0	ProfTask <6270>						2154
1	7695437	7695449	#FFC0CB	1.0	ProfTask <6302>						2156
1	7695490	7695498	#FFC0CB	1.0	ProfTask <6303>						2158
1	7696164	7696167	#FFC0CB	1.0	ProfTask <6314>						2160
1	7699212	7699217	#FFC0CB	1.0	ProfTask <6346>						2162
1	7702307	7702310	#FFC0CB	1.0	ProfTask <6378>						2164
1	7703864	7703867	#FFC0CB	1.0	ProfTask <6394>						2166
1	7705379	7705382	#FFC0CB	1.0	ProfTask <6410>						2168
1	7708429	7708434	#FFC0CB	1.0	ProfTask <6442>						2170
1	7713044	7713048	#FFC0CB	1.0	ProfTask <6490>						2172
1	7714475	7714478	#FFC0CB	1.0	ProfTask <6504>						2174
1	7714607	7714610	#FFC0CB	1.0	ProfTask <6506>						2176
1	7717554	7717558	#FFC0CB	1.0	ProfTask <6536>						2178
1	7722263	7722266	#FFC0CB	1.0	ProfTask <6586>						2180
1	7726900	7726906	#FFC0CB	1.0	ProfTask <6634>						2182
1	7729851	7729856	#FFC0CB	1.0	ProfTask <6664>						2184
1	7731498	7731502	#FFC0CB	1.0	ProfTask <6682>						2186
1	7733050	7733054	#FFC0CB	1.0	ProfTask <6698>						2188
1	7736145	7736149	#FFC0CB	1.0	ProfTask <6730>						2190
1	7737668	7737671	#FFC0CB	1.0	ProfTask <6746>						2192
1	7739203	7739225	#FFC0CB	1.0	ProfTask <6762>						2194
1	7743834	7743839	#FFC0CB	1.0	ProfTask <6810>						2196
1	7745421	7745425	#FFC0CB	1.0	ProfTask <6826>						2198
1	7753055	7753060	#FFC0CB	1.0	ProfTask <6906>						2200
1	7754253	7754256	#FFC0CB	1.0	ProfTask <6917>						2202
1	7754576	7754581	#FFC0CB	1.0	ProfTask <6922>						2204
1	7756092	7756095	#FFC0CB	1.0	ProfTask <6938>						2206
1	7757613	7757617	#FFC0CB	1.0	ProfTask <6954>						2208
1	7758447	7758451	#FFC0CB	1.0	ProfTask <6959>						2210
1	7760687	7760691	#FFC0CB	1.0	ProfTask <6986>						2212
1	7762259	7762264	#FFC0CB	1.0	ProfTask <7002>						2214
1	7763778	7763781	#FFC0CB	1.0	ProfTask <7018>						2216
1	7764300	7764303	#FFC0CB	1.0	ProfTask <7019>						2218
1	7765315	7765318	#FFC0CB	1.0	ProfTask <7034>						2220
1	7768363	7768367	#FFC0CB	1.0	ProfTask <7066>						2222
1	7769900	7769903	#FFC0CB	1.0	ProfTask <7082>						2224
1	7772968	7772973	#FFC0CB	1.0	ProfTask <7114>						2226
1	7775935	7775939	#FFC0CB	1.0	ProfTask <7145>						2228
1	7779044	7779048	#FFC0CB	1.0	ProfTask <7178>						2230
1	7782098	7782101	#FFC0CB	1.0	ProfTask <7210>						2232
1	7783614	7783621	#FFC0CB	1.0	ProfTask <7226>						2234
1	7784672	7784675	#FFC0CB	1.0	ProfTask <7234>						2236
1	7784734	7784737	#FFC0CB	1.0	ProfTask <7235>						2238
1	7786727	7786731	#FFC0CB	1.0	ProfTask <7258>						2240
1	7792837	7792843	#FFC0CB	1.0	ProfTask <7322>						2242
1	7793690	7793694	#FFC0CB	1.0	ProfTask <7327>						2244
1	7794364	7794368	#FFC0CB	1.0	ProfTask <7338>						2246
1	7795899	7795902	#FFC0CB	1.0	ProfTask <7354>						2248
1	7800513	7800518	#FFC0CB	1.0	ProfTask <7402>						2250
1	7802059	7802062	#FFC0CB	1.0	ProfTask <7418>						2252
1	7803563	7803568	#FFC0CB	1.0	ProfTask <7434>						2254
1	7807605	7807609	#FFC0CB	1.0	ProfTask <7473>						2256
1	7808162	7808166	#FFC0CB	1.0	ProfTask <7482>						2258
1	7809690	7809693	#FFC0CB	1.0	ProfTask <7498>						2260
1	7837127	7837137	#FFC0CB	1.0	ProfTask <7511>						2262
1	7837318	7837323	#FFC0CB	1.0	ProfTask <7514>						2264
1	7838877	7838881	#FFC0CB	1.0	ProfTask <7530>						2266
1	7839396	7839399	#FFC0CB	1.0	ProfTask <7531>						2268
1	7841962	7841966	#FFC0CB	1.0	ProfTask <7562>						2270
1	7843479	7843483	#FFC0CB	1.0	ProfTask <7578>						2272
1	7844511	7844514	#FFC0CB	1.0	ProfTask <7586>						2274
1	7845012	7845017	#FFC0CB	1.0	ProfTask <7594>						2276
1	7847440	7847443	#FFC0CB	1.0	ProfTask <7616>						2278
1	7847837	7847840	#FFC0CB	1.0	ProfTask <7622>						2280
1	7848090	7848093	#FFC0CB	1.0	ProfTask <7626>						2282
1	7849615	7849618	#FFC0CB	1.0	ProfTask <7642>						2284
1	7851162	7851166	#FFC0CB	1.0	ProfTask <7658>						2286
1	7852009	7852015	#FFC0CB	1.0	ProfTask <7663>						2288
1	7854202	7854205	#FFC0CB	1.0	ProfTask <7690>						2290
1	7860276	7860280	#FFC0CB	1.0	ProfTask <7754>						2292
1	7861822	7861826	#FFC0CB	1.0	ProfTask <7770>						2294
1	7863331	7863337	#FFC0CB	1.0	ProfTask <7786>						2296
1	7864864	7864867	#FFC0CB	1.0	ProfTask <7802>						2298
1	7865783	7865787	#FFC0CB	1.0	ProfTask <7808>						2300
1	7866384	7866387	#FFC0CB	1.0	ProfTask <7818>						2302
1	7867474	7867478	#FFC0CB	1.0	ProfTask <7827>						2304
1	7867536	7867539	#FFC0CB	1.0	ProfTask <7828>						2306
1	7867673	7867678	#FFC0CB	1.0	ProfTask <7830>						2308
1	7870876	7870881	#FFC0CB	1.0	ProfTask <7866>						2310
1	7872350	7872369	#FFC0CB	1.0	ProfTask <7882>						2312
1	7873830	7873833	#FFC0CB	1.0	ProfTask <7898>						2314
1	7874441	7874451	#FFC0CB	1.0	ProfTask <7899>						2316
1	7875020	7875025	#FFC0CB	1.0	ProfTask <7909>						2318
1	7875209	7875212	#FFC0CB	1.0	ProfTask <7912>						2320
1	7875333	7875336	#FFC0CB	1.0	ProfTask <7914>						2322
1	7878293	7878296	#FFC0CB	1.0	ProfTask <7946>						2324
1	7880789	7880793	#FFC0CB	1.0	ProfTask <7969>						2326
1	7880849	7880852	#FFC0CB	1.0	ProfTask <7970>						2328
1	7882818	7882823	#FFC0CB	1.0	ProfTask <7994>						2330
1	7884297	7884300	#FFC0CB	1.0	ProfTask <8010>						2332
1	7890260	7890264	#FFC0CB	1.0	ProfTask <8074>						2334
1	7891313	7891317	#FFC0CB	1.0	ProfTask <8083>						2336
1	7894717	7894720	#FFC0CB	1.0	ProfTask <8122>						2338
1	7896126	7896132	#FFC0CB	1.0	ProfTask <8136>						2340
1	7896269	7896273	#FFC0CB	1.0	ProfTask <8138>						2342
1	7902375	7902379	#FFC0CB	1.0	ProfTask <8202>						2344
1	7905448	7905460	#FFC0CB	1.0	ProfTask <8234>						2346
1	7906961	7906964	#FFC0CB	1.0	ProfTask <8250>						2348
1	7908477	7908480	#FFC0CB	1.0	ProfTask <8266>						2350
1	7909995	7910000	#FFC0CB	1.0	ProfTask <8282>						2352
1	7911532	7911535	#FFC0CB	1.0	ProfTask <8298>						2354
1	7915732	7915755	#FFC0CB	1.0	ProfTask <8341>						2356
1	7916031	7916034	#FFC0CB	1.0	ProfTask <8346>						2358
1	7919226	7919230	#FFC0CB	1.0	ProfTask <8378>						2360
1	7920445	7920450	#FFC0CB	1.0	ProfTask <8389>						2362
1	7920670	7920673	#FFC0CB	1.0	ProfTask <8393>						2364
1	7922227	7922230	#FFC0CB	1.0	ProfTask <8410>						2366
1	7923692	7923695	#FFC0CB	1.0	ProfTask <8426>						2368
1	7925166	7925169	#FFC0CB	1.0	ProfTask <8442>						2370
1	7926642	7926648	#FFC0CB	1.0	ProfTask <8458>						2372
1	7928100	7928103	#FFC0CB	1.0	ProfTask <8474>						2374
1	7929604	7929608	#FFC0CB	1.0	ProfTask <8490>						2376
1	7930468	7930471	#FFC0CB	1.0	ProfTask <8496>						2378
1	7931068	7931071	#FFC0CB	1.0	ProfTask <8506>						2380
1	7934031	7934035	#FFC0CB	1.0	ProfTask <8538>						2382
1	7935506	7935511	#FFC0CB	1.0	ProfTask <8554>						2384
1	7939964	7939968	#FFC0CB	1.0	ProfTask <8602>						2386
1	7941401	7941407	#FFC0CB	1.0	ProfTask <8618>						2388
1	7942881	7942885	#FFC0CB	1.0	ProfTask <8634>						2390
1	7945871	7945875	#FFC0CB	1.0	ProfTask <8666>						2392
1	7947342	7947348	#FFC0CB	1.0	ProfTask <8682>						2394
1	7951783	7951788	#FFC0CB	1.0	ProfTask <8730>						2396
1	7952441	7952451	#FFC0CB	1.0	ProfTask <8732>						2398
1	7953148	7953151	#FFC0CB	1.0	ProfTask <8744>						2400
1	7953240	7953243	#FFC0CB	1.0	ProfTask <8745>						2402
1	7953283	7953286	#FFC0CB	1.0	ProfTask <8746>						2404
1	7960269	7960276	#FFC0CB	1.0	ProfTask <8820>						2406
1	7963411	7963417	#FFC0CB	1.0	ProfTask <8855>						2408
1	7963477	7963480	#FFC0CB	1.0	ProfTask <8856>						2410
1	7963604	7963607	#FFC0CB	1.0	ProfTask <8858>						2412
1	7965079	7965084	#FFC0CB	1.0	ProfTask <8874>						2414
1	7966540	7966545	#FFC0CB	1.0	ProfTask <8890>						2416
1	7968025	7968028	#FFC0CB	1.0	ProfTask <8906>						2418
1	7970847	7970852	#FFC0CB	1.0	ProfTask <8936>						2420
1	7970974	7970977	#FFC0CB	1.0	ProfTask <8938>						2422
1	7971905	7971909	#FFC0CB	1.0	ProfTask <8945>						2424
1	7973924	7973930	#FFC0CB	1.0	ProfTask <8970>						2426
1	7975391	7975394	#FFC0CB	1.0	ProfTask <8986>						2428
1	7975889	7975892	#FFC0CB	1.0	ProfTask <8987>						2430
1	7976258	7976261	#FFC0CB	1.0	ProfTask <8992>						2432
1	7976877	7976881	#FFC0CB	1.0	ProfTask <9002>						2434
1	7978359	7978375	#FFC0CB	1.0	ProfTask <9018>						2436
1	7979824	7979829	#FFC0CB	1.0	ProfTask <9034>						2438
1	7982790	7982795	#FFC0CB	1.0	ProfTask <9066>						2440
1	7985768	7985772	#FFC0CB	1.0	ProfTask <9098>						2442
1	7987229	7987233	#FFC0CB	1.0	ProfTask <9114>						2444
1	7988721	7988725	#FFC0CB	1.0	ProfTask <9130>						2446
1	7991713	7991717	#FFC0CB	1.0	ProfTask <9162>						2448
1	7993210	7993216	#FFC0CB	1.0	ProfTask <9178>						2450
1	7994224	7994227	#FFC0CB	1.0	ProfTask <9186>						2452
1	7994745	7994754	#FFC0CB	1.0	ProfTask <9194>						2454
1	7997770	7997774	#FFC0CB	1.0	ProfTask <9226>						2456
1	7998742	7998745	#FFC0CB	1.0	ProfTask <9233>						2458
1	7999298	7999303	#FFC0CB	1.0	ProfTask <9242>						2460
1	8000810	8000813	#FFC0CB	1.0	ProfTask <9258>						2462
1	8001778	8001782	#FFC0CB	1.0	ProfTask <9265>						2464
1	8002332	8002335	#FFC0CB	1.0	ProfTask <9274>						2466
1	8003832	8003837	#FFC0CB	1.0	ProfTask <9290>						2468
1	8006878	8006882	#FFC0CB	1.0	ProfTask <9322>						2470
1	8009919	8009925	#FFC0CB	1.0	ProfTask <9354>						2472
1	8011390	8011395	#FFC0CB	1.0	ProfTask <9370>						2474
1	8012868	8012871	#FFC0CB	1.0	ProfTask <9386>						2476
1	8014344	8014347	#FFC0CB	1.0	ProfTask <9402>						2478
1	8017295	8017299	#FFC0CB	1.0	ProfTask <9434>						2480
1	8018783	8018787	#FFC0CB	1.0	ProfTask <9450>						2482
1	8020256	8020260	#FFC0CB	1.0	ProfTask <9466>						2484
1	8021735	8021738	#FFC0CB	1.0	ProfTask <9482>						2486
1	8022614	8022618	#FFC0CB	1.0	ProfTask <9488>						2488
1	8024716	8024719	#FFC0CB	1.0	ProfTask <9514>						2490
1	8026191	8026195	#FFC0CB	1.0	ProfTask <9530>						2492
1	8030628	8030632	#FFC0CB	1.0	ProfTask <9578>						2494
1	8033604	8033608	#FFC0CB	1.0	ProfTask <9610>						2496
1	8035086	8035089	#FFC0CB	1.0	ProfTask <9626>						2498
1	8039528	8039531	#FFC0CB	1.0	ProfTask <9674>						2500
1	8040996	8040999	#FFC0CB	1.0	ProfTask <9690>						2502
1	8043965	8043973	#FFC0CB	1.0	ProfTask <9722>						2504
1	8046940	8046944	#FFC0CB	1.0	ProfTask <9754>						2506
1	8048427	8048431	#FFC0CB	1.0	ProfTask <9770>						2508
1	8049088	8049091	#FFC0CB	1.0	ProfTask <9772>						2510
1	8051355	8051358	#FFC0CB	1.0	ProfTask <9801>						2512
1	8052986	8052989	#FFC0CB	1.0	ProfTask <9818>						2514
1	8054480	8054486	#FFC0CB	1.0	ProfTask <9834>						2516
1	8055959	8055962	#FFC0CB	1.0	ProfTask <9850>						2518
1	8057473	8057476	#FFC0CB	1.0	ProfTask <9866>						2520
1	8058973	8058977	#FFC0CB	1.0	ProfTask <9882>						2522
1	8060465	8060468	#FFC0CB	1.0	ProfTask <9898>						2524
1	8060970	8060973	#FFC0CB	1.0	ProfTask <9899>						2526
1	8063500	8063506	#FFC0CB	1.0	ProfTask <9930>						2528
1	8066461	8066464	#FFC0CB	1.0	ProfTask <9962>						2530
1	8069425	8069428	#FFC0CB	1.0	ProfTask <9994>						2532
1	8096865	8097372	#FFC0CB	1.0	ProfTask <10010>						2534
1	8097555	8097563	#FFC0CB	1.0	ProfTask <4>						2536
1	8097677	8097681	#FFC0CB	1.0	ProfTask <5>						2538
1	8097744	8097864	#ff001d	1.0	__binary_double_double_* <6>						22994
